Fund Name,P1,P2,P3,P4,P5,Topsis Score,Rank
M1,0.76,0.58,4.5,48.6,13.61,0.4821411867766516,6
M2,0.6,0.36,3.6,58.0,15.64,0.36775527778208067,7
M3,0.95,0.9,3.1,50.1,13.76,0.7601358307282808,1
M4,0.65,0.42,5.2,33.9,10.04,0.36747325621937316,8
M5,0.93,0.86,3.3,57.6,15.67,0.7269787114268936,2
M6,0.87,0.76,6.3,46.7,13.66,0.539108679747919,5
M7,0.81,0.66,3.5,68.4,18.34,0.5643753901248549,3
M8,0.86,0.74,5.6,36.0,10.8,0.5625567110413215,4
