Fund Name,P1,P2,P3,P4,P5,Topsis Score,Rank
M1,0.76,0.58,4.5,48.6,13.61,0.4449473513300563,5
M2,0.6,0.36,3.6,58.0,15.64,0.5395499973308393,4
M3,0.95,0.9,3.1,50.1,13.76,0.6290555971571612,3
M4,0.65,0.42,5.2,33.9,10.04,0.13266608798604484,8
M5,0.93,0.86,3.3,57.6,15.67,0.7577362511653574,2
M6,0.87,0.76,6.3,46.7,13.66,0.4270810990270255,6
M7,0.81,0.66,3.5,68.4,18.34,0.8072209830948922,1
M8,0.86,0.74,5.6,36.0,10.8,0.30680488704207376,7
